CHR	SNP	BP	NMISS	T
11	rs2306472	117058062	462	-1.241
11	rs61905525	117058854	462	1.12
11	rs188351692	117059131	462	-1.241
11	rs90192	117059347	462	0.1125
11	rs474339	117059552	462	-0.5193
11	rs7933134	117059794	462	-1.303
11	rs143668212	117061197	462	1.152
11	rs17120419	117061467	462	-1.324
11	rs148280980	117061504	462	0.6225
11	rs12419470	117061775	462	-1.241
11	rs61703672	117061825	462	-1.241
11	rs117303996	117061937	462	-1.485
11	rs499713	117061961	462	0.1663
11	rs184936191	117061994	462	-1.774
11	rs139685157	117062158	462	-1.909
11	rs1242230	117062183	462	1.042
11	rs1242229	117062370	462	0.9536
11	rs3213459	117062489	462	-1.241
11	rs117348488	117062943	462	0.6041
11	rs2301174	117063709	462	-1.376
11	rs115787357	117064506	462	0.2702
11	rs521171	117064693	462	-0.2566
11	rs11605883	117064776	462	-1.241
11	rs73008568	117065007	462	-0.1098
11	rs117634345	117065050	462	-1.485
11	rs3781985	117065066	462	-1.241
11	rs80183569	117065153	462	-1.241
11	rs79043792	117065271	462	-1.485
11	rs1784042	117065476	462	1.408
11	rs11606480	117065533	462	-1.241
11	rs112712475	117065772	462	-1.241
11	rs1794116	117065779	462	-0.09585
11	rs2269399	117066353	462	-1.368
11	rs1263502	117066690	462	-0.4317
11	rs61905526	117067465	462	1.152
11	rs8521	117067699	462	-0.558
11	rs74385934	117068444	462	-1.837
11	rs588534	117068504	462	0.2596
11	rs2075547	117068534	462	-0.1098
11	rs474488	117068977	462	0.2596
11	rs7112573	117069023	462	-1.368
11	rs2269398	117069788	462	-1.899
11	rs61905527	117069966	462	1.151
11	rs74949440	117070361	462	0.9255
11	rs2239678	117070596	462	-2.173
11	rs526602	117070691	462	-0.3588
11	rs2170317	117070740	462	-1.368
11	rs664971	117070857	462	-0.6883
11	rs664922	117070895	462	-0.6736
11	rs2075548	117070927	462	2.383
11	rs74358982	117071038	462	0.6041
11	rs664082	117071070	462	-0.6736
11	rs652455	117071449	462	-0.8209
11	rs112333700	117071505	462	0.7469
11	rs1784041	117071762	462	1.232
11	rs494356	117071970	462	-0.04572
11	rs117279127	117072074	462	1.152
11	rs488962	117072525	462	-0.6803
11	rs634960	117072963	462	-0.7568
11	rs74967901	117072970	462	-1.485
11	rs12970	117074109	462	-1.835
11	rs641620	117074229	462	0.5853
11	rs2269397	117074299	462	-0.1414
11	rs508487	117075566	462	-0.2011
11	rs78301905	117076336	462	-1.485
11	rs35186251	117076708	462	-1.153
11	rs201598301	117076741	462	-1.485
11	rs28590104	117077034	462	-0.1628
11	rs659955	117080379	462	0.6309
11	rs11216315	117080640	462	-1.416
11	rs11216316	117081500	462	0.2011
11	rs1263499	117081709	462	-0.2985
11	rs171052	117081763	462	-0.8638
11	rs236910	117081974	462	-0.8858
11	rs12417682	117082109	462	-1.814
11	rs61906485	117082691	462	1.152
11	rs61906486	117082865	462	1.152
11	rs76169968	117082966	462	-0.9066
11	rs67201490	117083004	462	1.087
11	rs111765459	117083373	462	-0.0148
11	rs76830818	117083831	462	1.152
11	rs79997323	117083948	462	-1.485
11	rs4938357	117084040	462	1.015
11	rs76553074	117084070	462	-1.909
11	rs4938358	117084091	462	-0.148
11	rs12418705	117084396	462	-1.273
11	rs79278568	117084410	462	-1.485
11	rs12418744	117084537	462	-0.2195
11	rs36055668	117085121	462	-1.088
11	rs77683187	117085210	462	-1.283
11	rs76604009	117085261	462	0.8434
11	rs236911	117085270	462	0.9672
11	rs56081989	117085305	462	1.015
11	rs150758276	117085874	462	-2.234
11	rs28704046	117086058	462	-0.2094
11	rs236913	117086431	462	-0.3468
11	rs493173	117086551	462	0.4433
11	rs56061158	117087118	462	0.2367
11	rs2238006	117087792	462	-0.3497
11	rs2238005	117088082	462	-1.922
11	rs2239012	117088362	462	-0.3497
11	rs61906487	117088821	462	1.106
11	rs2239011	117088994	462	-0.3862
11	rs2239010	117089006	462	-0.3862
11	rs61906488	117089505	462	1.152
11	rs236916	117089628	462	-0.407
11	rs2239009	117089722	462	-1.899
11	rs45577233	117090225	462	-0.5806
11	rs3882895	117090545	462	-0.3862
11	rs61906489	117091153	462	1.152
11	rs3882897	117091227	462	-0.3862
11	rs236918	117091609	462	0.366
11	rs7941150	117091821	462	0.6247
11	rs78628783	117092051	462	-1.899
11	rs45446695	117092122	462	0.3709
11	rs80351364	117092394	462	-1.899
11	rs79697731	117092808	462	-1.759
11	rs6589606	117092886	462	-1.563
11	rs4936368	117093486	462	-1.037
11	rs4938359	117093560	462	-1.04
11	rs73008592	117093717	462	0.6925
11	rs3830008	117093764	462	-0.9489
11	rs11216321	117094413	462	1.206
11	rs11216322	117094491	462	1.337
11	rs17120523	117094591	462	-2.216
11	rs59781045	117095283	462	0.8482
11	rs2277287	117096652	462	-1.515
11	rs7939747	117097009	462	-1.226
11	rs7926958	117097222	462	-0.09312
11	rs2306473	117097952	462	-0.1967
11	rs4938360	117098436	462	-1.458
11	rs2306474	117099025	462	-1.759
11	rs56141924	117099353	462	-0.4271
11	rs111809212	117099537	462	-0.8022
11	rs4938361	117099941	462	-0.4459
11	rs4938362	117100029	462	-0.4459
11	rs36066272	117101120	462	0.6679
11	rs74988348	117101311	462	-1.731
11	rs57157718	117101445	462	-0.3774
11	rs522645	117101574	462	-1.334
11	rs12793361	117101877	462	-0.9018
11	rs61906491	117102200	462	-0.2912
11	rs2509209	117102307	462	-1.165
11	rs2252145	117102648	462	0.3095
11	rs2277286	117102706	462	-0.04811
11	rs582179	117104148	462	-0.2415
11	rs3758980	117104492	462	-0.92
11	rs536141	117104536	462	-0.7853
11	rs117547981	117104900	462	-0.4098
11	rs572063	117105572	462	-0.3551
11	rs7125990	117105726	462	-0.7703
11	rs185433085	117106069	462	-0.4922
11	rs4938364	117106073	462	-1.951
11	rs3016581	117106116	462	1.005
11	rs3016582	117106280	462	0.6658
11	rs2929176	117106282	462	0.656
11	rs146786560	117106458	462	-0.7609
11	rs74808315	117107520	462	-0.9096
11	rs535602	117107775	462	0.7236
11	rs61906492	117107978	462	-1.291
11	rs664011	117108318	462	0.7494
11	rs61906493	117108877	462	-1.291
11	rs57471964	117109155	462	-0.9096
11	rs678837	117109270	462	0.5696
11	rs61906494	117110264	462	-1.291
11	rs73010409	117110417	462	-2.114
11	rs650585	117110740	462	0.4787
11	rs140479252	117111178	462	-1.954
11	rs525390	117111214	462	0.9115
11	rs187929675	117111368	462	0.636
11	rs12274203	117111913	462	-0.4015
11	rs4938365	117112138	462	-1.876
11	rs633892	117112630	462	0.5359
11	rs61903660	117113335	462	-1.848
11	rs61903661	117113422	462	-2.033
11	rs117639653	117113478	462	1.387
11	rs117117915	117113511	462	-0.09839
11	rs111447379	117116312	462	1.872
11	rs12286525	117116450	462	0.1226
11	rs588763	117116781	462	0.6655
11	rs1892904	117117973	462	-0.92
11	rs186041214	117118037	462	0.6184
11	rs488538	117118038	462	-0.08664
11	rs642673	117118204	462	-2.759
11	rs2925771	117118481	462	0.1011
11	rs7928525	117118712	462	-2.811
11	rs523366	117119552	462	0.659
11	rs605531	117120027	462	1.836
11	rs509565	117120473	462	0.6631
11	rs1056136	117120998	462	-2.749
11	rs11216334	117122252	462	-0.1525
11	rs58111676	117122831	462	-0.9096
11	rs528508	117123173	462	1.406
11	rs77262524	117123218	462	1.872
11	rs497043	117123297	462	-2.761
11	rs61903662	117123782	462	-1.291
11	rs149304774	117123990	462	1.184
11	rs73010424	117124050	462	0.8053
11	rs610775	117124696	462	1.599
11	rs679022	117125216	462	0.02749
11	rs117683585	117125769	462	0.8053
11	rs112357006	117126493	462	0.2979
11	rs512188	117126710	462	0.8575
11	rs12575964	117127159	462	0.2838
11	rs77987367	117127185	462	1.182
11	rs655023	117127620	462	0.9139
11	rs667944	117128271	462	0.4516
11	rs621858	117128971	462	0.9525
11	rs77073823	117129083	462	-1.327
11	rs10892088	117129108	462	-0.001393
11	rs77096386	117129232	462	-0.9096
11	rs12146609	117129517	462	-0.001393
11	rs550893	117129617	462	-0.9168
11	rs1242598	117129637	462	-2.52
11	rs9971587	117131286	462	1.699
11	rs11216337	117131664	462	0.3314
11	rs11216338	117131719	462	1.099
11	rs73010439	117132315	462	-2.52
11	rs529470	117132808	462	0.8568
11	rs529471	117132809	462	0.9736
11	rs676305	117133078	462	-2.52
11	rs61903663	117133242	462	-1.709
11	rs12295268	117133378	462	-1.279
11	rs11216341	117134094	462	-1.413
11	rs540922	117134761	462	0.7263
11	rs472785	117134766	462	0.7115
11	rs541953	117134898	462	0.4068
11	rs474723	117134993	462	0.8359
11	rs138877884	117135014	462	-0.6459
11	rs7111678	117135806	462	0.8234
11	rs2509210	117136070	462	0.8234
11	rs67145274	117136277	462	-1.413
11	rs672177	117136378	462	0.8623
11	rs507880	117137255	462	0.8234
11	rs2509211	117137633	462	0.8881
11	rs524085	117137647	462	1.191
11	rs477269	117138291	462	0.8234
11	rs551826	117138403	462	-0.1452
11	rs619772	117138836	462	0.9965
11	rs558590	117139121	462	0.8234
11	rs12270661	117140148	462	-1.018
11	rs4936369	117141469	462	-2.492
11	rs77451506	117142440	462	-0.9096
11	rs141538185	117142625	462	-0.0316
11	rs536648	117143185	462	0.3492
11	rs670778	117143341	462	0.5803
11	rs673738	117143581	462	0.7896
11	rs189966250	117144074	462	-0.9096
11	rs12286404	117144355	462	-1.018
11	rs495438	117144727	462	0.8234
11	rs668363	117144816	462	-2.481
11	rs694574	117145053	462	0.02749
11	rs191541863	117145355	462	0.3087
11	rs61903699	117145582	462	-1.247
11	rs492151	117145815	462	0.8234
11	rs644215	117145918	462	1.081
11	rs493139	117145949	462	0.9965
11	rs138829478	117147674	462	0.2974
11	rs7925044	117147987	462	0.7239
11	rs113172713	117148606	462	0.9703
11	rs12292027	117149405	462	-1.448
11	rs608840	117150210	462	-2.402
11	rs638270	117151378	462	-2.448
11	rs12282721	117151412	462	-0.8513
11	rs505045	117152540	462	0.8797
11	rs78366899	117153060	462	-0.7643
11	rs2305821	117153420	462	-0.7155
11	rs17584190	117153815	462	1.253
11	rs595297	117154091	462	-1.918
11	rs45507395	117155696	462	-1.018
11	rs7083	117156552	462	0.8234
11	rs649555	117157378	462	0.8927
11	rs45497100	117158168	462	-0.7635
11	rs1047857	117158858	462	-1.492
11	rs535860	117159878	462	-2.597
11	rs17120560	117161006	462	1.344
11	rs11604395	117162272	462	-0.537
11	rs45619137	117162284	462	-0.3709
11	rs28989504	117162762	462	-1.492
11	rs490460	117163765	462	0.5347
11	rs638405	117163824	462	1.714
11	rs45506400	117164246	462	1.87
11	rs150308863	117165046	462	-0.3094
11	rs28989500	117165397	462	-0.9124
11	rs507805	117167147	462	-0.1913
11	rs74369487	117168340	462	0.7585
11	rs619360	117168402	462	1.79
11	rs550319	117168564	462	-1.996
11	rs61903703	117169874	462	-1.575
11	rs73012495	117170139	462	-1.434
11	rs548381	117171337	462	0.9298
11	rs76380380	117171475	462	-0.5519
11	rs680210	117172820	462	0.9406
11	rs681120	117173019	462	1.143
11	rs486896	117173468	462	-2.024
11	rs476469	117173560	462	1.022
11	rs28989481	117174369	462	-1.861
11	rs609332	117175158	462	-2.155
11	rs75932613	117175294	462	-0.3768
11	rs116987336	117175658	462	-1.758
11	rs522843	117175934	462	0.2903
11	rs142273276	117176075	462	-0.9715
11	rs187182376	117176579	462	0.1204
11	rs28989476	117177372	462	-0.7921
11	rs687740	117177603	462	1.213
11	rs574603	117177741	462	0.9436
11	rs79204640	117177792	462	0.1681
11	rs473210	117177800	462	1.213
11	rs573442	117177920	462	1.194
11	rs558229	117178225	462	-2.539
11	rs551662	117179003	462	-1.004
11	rs528837	117179176	462	1.162
11	rs663166	117179302	462	-0.3094
11	rs28989473	117179535	462	-1.619
11	rs676134	117179891	462	1.034
11	rs4245169	117180905	462	-1.912
11	rs583161	117180921	462	0.9355
11	rs497902	117181919	462	0.9318
11	rs656083	117181992	462	1.396
11	rs525493	117182708	462	0.4048
11	rs190400086	117183276	462	1.633
11	rs180740269	117183277	462	1.633
11	rs76997684	117183500	462	-1.373
11	rs593245	117183650	462	1.349
11	rs477036	117183914	462	1.155
11	rs75659000	117185078	462	-1.373
11	rs2510446	117185634	462	0.9257
11	rs28917236	117185892	462	1.633
11	rs2445939	117186073	462	1.446
11	rs28917234	117186506	462	-0.913
11	rs143346476	117186752	462	-0.925
11	rs11601511	117187551	462	-2.123
11	rs4938369	117188120	462	-0.1514
11	rs61903708	117189201	462	-2.338
11	rs3017608	117189216	462	0.6883
11	rs117469840	117190901	462	0.6278
11	rs147104624	117191673	462	-1.373
11	rs1784045	117191734	462	0.485
11	rs516712	117192376	462	0.4947
11	rs516742	117192383	462	0.2101
11	rs56967930	117192528	462	-2.16
11	rs55986402	117192701	462	-2.16
11	rs60837248	117192783	462	-2.148
11	rs555075	117193203	462	1.176
11	rs61903732	117193254	462	-1.942
11	rs4938370	117193350	462	-2.109
11	rs4936370	117193369	462	-2.108
11	rs548893	117193619	462	0.644
11	rs4938371	117193741	462	-2.442
11	rs143524683	117193800	462	-0.03391
11	rs118086079	117194059	462	-0.464
11	rs554233	117194929	462	1.166
11	rs556034	117195136	462	-0.4494
11	rs560564	117195628	462	0.1627
11	rs474806	117196020	462	1.208
11	rs73014325	117196435	462	-0.2603
11	rs73014327	117196583	462	-2.901
11	rs2168673	117196901	462	1.056
11	rs540273	117197018	462	-0.4494
11	rs680908	117197621	462	-0.4494
11	rs74761693	117197875	462	2.154
11	rs111467573	117198208	462	2.907
11	rs566155	117198638	462	-0.4494
11	rs2508665	117198789	462	-2.299
11	rs77873962	117199317	462	1.736
11	rs75235704	117199742	462	2.422
11	rs509894	117199870	462	-1.462
11	rs75013797	117200129	462	1.313
11	rs1261791	117200638	462	0.265
11	rs11216357	117200753	462	-2.613
11	rs1242695	117200943	462	1.241
11	rs116006647	117200974	462	0.102
11	rs61903734	117201056	462	0.244
11	rs484553	117201097	462	-2.125
11	rs515756	117201165	462	0.9901
11	rs73014332	117201404	462	-1.344
11	rs609272	117201682	462	0.8355
11	rs609663	117201749	462	0.845
11	rs563838	117201997	462	-1.525
11	rs507133	117202437	462	-1.83
11	rs624555	117202782	462	-0.1319
11	rs527347	117203633	462	1.08
11	rs576190	117205766	462	1.08
11	rs487298	117205844	462	1.08
11	rs487261	117205861	462	-0.1319
11	rs524914	117207122	462	-0.06681
11	rs520315	117207626	462	0.9932
11	rs620848	117207628	462	0.9932
11	rs7932967	117207665	462	0.7375
11	rs875209	117208270	462	1.088
11	rs645305	117208747	462	1.104
11	rs948181	117208949	462	1.188
11	rs573801	117209268	462	1.104
11	rs578781	117210707	462	1.104
11	rs536021	117210901	462	1.01
11	rs610749	117211240	462	0.8563
11	rs474891	117212337	462	0.9519
11	rs561473	117212640	462	0.9946
11	rs475385	117212892	462	0.937
11	rs495473	117212908	462	0.9196
11	rs493516	117213160	462	0.9946
11	rs11216360	117213189	462	-2.433
11	rs72645461	117213847	462	-0.7531
11	rs10892095	117213893	462	-2.25
11	rs573827	117214091	462	0.9946
11	rs2509212	117214580	462	1.001
11	rs144750609	117214617	462	-0.3324
11	rs476983	117215605	462	0.8807
11	rs580119	117216213	462	0.5776
11	rs652346	117216599	462	0.7357
11	rs494722	117216603	462	0.657
11	rs1242696	117217391	462	-1.765
11	rs74853011	117217533	462	-0.1377
11	rs1261744	117218460	462	0.7221
11	rs568787	117218762	462	1.072
11	rs592828	117219305	462	0.5073
11	rs508871	117219770	462	0.7085
11	rs477858	117219961	462	-0.5227
11	rs61903739	117220324	462	-0.1756
11	rs563828	117221170	462	1.348
11	rs141368429	117221862	462	0.4146
11	rs688207	117222139	462	0.7085
11	rs7926760	117222256	462	0.9928
11	rs490262	117222592	462	0.7085
11	rs514806	117222942	462	0.7085
11	rs657666	117224360	462	0.7085
11	rs553303	117224818	462	0.7085
11	rs655389	117224878	462	0.7085
11	rs553506	117224887	462	0.7085
11	rs56264727	117224934	462	0.9931
11	rs499744	117225033	462	1.867
11	rs654479	117225134	462	0.7085
11	rs117754274	117225247	462	-1.011
11	rs542176	117225441	462	0.8033
11	rs542869	117225455	462	0.7945
11	rs542900	117225467	462	0.7912
11	rs74761525	117225982	462	-0.9047
11	rs535366	117226616	462	0.8503
11	rs61903740	117226773	462	0.0511
11	rs537323	117226849	462	0.7085
11	rs61903741	117226941	462	0.0511
11	rs564674	117227519	462	-1.816
11	rs528720	117227686	462	0.4885
11	rs595367	117227694	462	0.7107
11	rs534296	117228295	462	1.252
11	rs12221818	117228519	462	-2.189
11	rs558854	117228664	462	0.7085
11	rs486366	117228709	462	0.7085
11	rs17591711	117228849	462	-0.632
11	rs560789	117228892	462	1.048
11	rs79795409	117229833	462	-0.5079
11	rs2508664	117229891	462	0.7107
11	rs2510450	117229902	462	0.7085
11	rs512730	117231057	462	0.7776
11	rs11216366	117231611	462	0.6582
11	rs12421205	117232156	462	0.6567
11	rs12421494	117232233	462	0.4991
11	rs12418678	117232260	462	0.6582
11	rs17500548	117232391	462	0.7714
11	rs2305825	117232492	462	0.7514
11	rs7934067	117232954	462	0.7085
11	rs139352710	117233378	462	1.195
11	rs11828506	117233427	462	0.8113
11	rs7945704	117235368	462	-2.322
11	rs7124084	117235412	462	0.7857
11	rs17120652	117235647	462	-0.8739
11	rs7946161	117235754	462	0.1896
11	rs10892097	117236060	462	0.7107
11	rs10790179	117236319	462	0.7107
11	rs7106772	117237186	462	0.274
11	rs11606575	117237207	462	-2.765
11	rs7109923	117237487	462	0.7085
11	rs56984853	117238478	462	-0.5079
11	rs10892098	117238491	462	0.9438
11	rs61903743	117238526	462	-0.1756
11	rs7115177	117239173	462	1.215
11	rs7115526	117239190	462	0.9438
11	rs61903744	117240002	462	-0.1756
11	rs61903745	117240214	462	-0.1756
11	rs9651682	117240357	462	0.9438
11	rs12417440	117241429	462	0.03175
11	rs2305826	117241760	462	-1.927
11	rs12794050	117244255	462	0.9601
11	rs76344095	117244291	462	0.274
11	rs7109766	117244606	462	0.274
11	rs7110647	117245133	462	-0.9553
11	rs79570587	117245988	462	-0.7743
11	rs10790180	117246150	462	1.092
11	rs112933729	117246566	462	0.6067
11	rs2305827	117246876	462	0.805
11	rs7952470	117248268	462	0.9499
11	rs117619191	117248283	462	-0.465
11	rs11216370	117248832	462	0.8015
11	rs180865175	117250419	462	-1.013
11	rs74661474	117250530	462	-0.5707
11	rs2305828	117251143	462	-1.753
11	rs2061293	117251521	462	0.4964
11	rs79879928	117252135	462	-0.09991
11	rs117083334	117252437	462	-0.5624
11	rs897836	117252489	462	0.4964
11	rs78406883	117253230	462	0.274
11	rs12797557	117254122	462	0.9628
11	rs61903746	117255283	462	0.4014
11	rs480120	117255386	462	0.1769
11	rs117498846	117255837	462	-0.2853
11	rs560355	117256384	462	0.8306
11	rs3781981	117256436	462	0.4066
11	rs2305829	117257876	462	-0.5007
11	rs501776	117258198	462	1.394
11	rs574813	117258662	462	-0.1319
11	rs574873	117258687	462	-0.1319
11	rs117740883	117259904	462	-0.7358
11	rs552498	117260075	462	1.078
11	rs523159	117260504	462	0.2175
11	rs897837	117261488	462	-0.3548
11	rs494553	117261853	462	-0.1319
11	rs542821	117262598	462	-0.2961
11	rs112206105	117262867	462	-2.758
11	rs478693	117263103	462	0.5897
11	rs139019960	117263549	462	-1.564
11	rs512520	117263616	462	0.5897
11	rs117713193	117263874	462	-0.9089
11	rs506366	117264256	462	-0.1319
11	rs11216375	117266094	462	0.9701
11	rs2305830	117266312	462	0.7563
11	rs483837	117266466	462	-0.2045
11	rs484988	117266648	462	0.6374
11	rs693147	117266754	462	1.107
11	rs573455	117267884	462	1.237
11	rs569845	117268256	462	-0.1319
11	rs117361637	117268489	462	0.4523
11	rs34114773	117268683	462	0.3494
11	rs539573	117269269	462	0.8063
11	rs140393706	117269842	462	-0.4035
11	rs1243337	117270818	462	0.5374
11	rs7928581	117271499	462	0.3933
11	rs1270801	117272939	462	0.1048
11	rs1243336	117273051	462	0.9089
11	rs568984	117273094	462	-0.1319
11	rs518368	117275561	462	0.6
11	rs546617	117275815	462	-0.1319
11	rs7123784	117275887	462	-0.7634
11	rs485570	117276783	462	-0.1319
11	rs141815093	117279280	462	-0.6458
11	rs61903747	117281264	462	0.3505
11	rs73016324	117281566	462	-1.543
11	rs67023719	117282742	462	0.07222
11	rs522885	117282800	462	0.9089
11	rs521099	117282979	462	0.05263
11	rs2279013	117283091	462	1.561
11	rs573965	117283471	462	0.2921
11	rs572884	117283626	462	0.2512
11	rs572862	117283634	462	0.2512
11	rs8258	117283676	462	1.203
11	rs9163	117283808	462	0.9755
11	rs11822288	117283939	462	-0.299
11	rs2445936	117284577	462	0.5101
11	rs540904	117284770	462	0.2512
11	rs10736488	117285057	462	0.9728
11	rs551805	117285145	462	-0.1319
11	rs513327	117285497	462	0.3591
11	rs527056	117285549	462	0.3591
11	rs512356	117285619	462	0.2734
11	rs511549	117285684	462	0.2766
11	rs11826012	117285699	462	0.1727
11	rs11823544	117285738	462	-0.04778
11	rs1789157	117285746	462	-0.1345
11	rs524069	117285907	462	0.3925
11	rs522383	117286064	462	0.2734
11	rs2124975	117286824	462	0.3925
