variant	tstat	n_complete_samples	chr	pos	ref	alt	rsid
11:117058062:C:T	5.10043	359983	11	117058062	C	T	rs2306472
11:117058854:G:A	0.585328	359983	11	117058854	G	A	rs61905525
11:117059131:C:T	5.19944	359983	11	117059131	C	T	rs188351692
11:117059347:C:T	2.38369	359983	11	117059347	C	T	rs90192
11:117059552:G:A	-1.31819	359983	11	117059552	G	A	rs474339
11:117059794:G:C	5.05392	359983	11	117059794	G	C	rs7933134
11:117061197:C:T	0.655917	359983	11	117061197	C	T	rs143668212
11:117061467:C:T	-0.790634	359983	11	117061467	C	T	rs17120419
11:117061504:G:A	-0.687399	359983	11	117061504	G	A	rs148280980
11:117061775:C:T	5.09889	359983	11	117061775	C	T	rs12419470
11:117061825:C:T	5.09891	359983	11	117061825	C	T	rs61703672
11:117061937:G:A	-1.43756	359983	11	117061937	G	A	rs117303996
11:117061961:T:C	1.77953	359983	11	117061961	T	C	rs499713
11:117061994:A:T	-1.43653	359983	11	117061994	A	T	rs184936191
11:117062158:G:A	-1.41919	359983	11	117062158	G	A	rs139685157
11:117062183:T:C	1.92002	359983	11	117062183	T	C	rs1242230
11:117062370:T:C	1.88258	359983	11	117062370	T	C	rs1242229
11:117062489:T:C	5.09968	359983	11	117062489	T	C	rs3213459
11:117062943:C:G	-1.67376	359983	11	117062943	C	G	rs117348488
11:117063709:C:G	5.08771	359983	11	117063709	C	G	rs2301174
11:117064506:T:G	-0.737988	359983	11	117064506	T	G	rs115787357
11:117064693:C:G	-1.26856	359983	11	117064693	C	G	rs521171
11:117064776:C:G	5.06287	359983	11	117064776	C	G	rs11605883
11:117065007:C:G	-0.705913	359983	11	117065007	C	G	rs73008568
11:117065050:G:A	-1.47575	359983	11	117065050	G	A	rs117634345
11:117065066:G:C	5.09636	359983	11	117065066	G	C	rs3781985
11:117065153:G:A	5.09678	359983	11	117065153	G	A	rs80183569
11:117065271:G:C	-1.43607	359983	11	117065271	G	C	rs79043792
11:117065476:G:A	0.403189	359983	11	117065476	G	A	rs1784042
11:117065533:G:A	5.0962	359983	11	117065533	G	A	rs11606480
11:117065772:C:A	5.11169	359983	11	117065772	C	A	rs112712475
11:117065779:T:C	-1.25413	359983	11	117065779	T	C	rs1794116
11:117066353:G:C	4.76796	359983	11	117066353	G	C	rs2269399
11:117066690:T:C	-1.93283	359983	11	117066690	T	C	rs1263502
11:117067465:C:T	0.664201	359983	11	117067465	C	T	rs61905526
11:117067699:C:T	-1.17521	359983	11	117067699	C	T	rs8521
11:117068444:G:A	4.71305	359983	11	117068444	G	A	rs74385934
11:117068504:A:G	1.721	359983	11	117068504	A	G	rs588534
11:117068534:C:A	-0.692388	359983	11	117068534	C	A	rs2075547
11:117068977:A:G	1.72351	359983	11	117068977	A	G	rs474488
11:117069023:T:C	4.79351	359983	11	117069023	T	C	rs7112573
11:117069788:C:T	4.8569	359983	11	117069788	C	T	rs2269398
11:117069966:C:T	0.66998	359983	11	117069966	C	T	rs61905527
11:117070361:C:T	0.532859	359983	11	117070361	C	T	rs74949440
11:117070596:C:T	4.74263	359983	11	117070596	C	T	rs2239678
11:117070691:G:A	0.155793	359983	11	117070691	G	A	rs526602
11:117070740:A:C	4.79769	359983	11	117070740	A	C	rs2170317
11:117070857:G:A	-1.15006	359983	11	117070857	G	A	rs664971
11:117070895:C:A	-1.15442	359983	11	117070895	C	A	rs664922
11:117070927:G:A	-0.498978	359983	11	117070927	G	A	rs2075548
11:117071038:C:T	-1.63951	359983	11	117071038	C	T	rs74358982
11:117071070:C:G	-1.16227	359983	11	117071070	C	G	rs664082
11:117071449:C:T	-1.87966	359983	11	117071449	C	T	rs652455
11:117071505:C:T	0.902044	359983	11	117071505	C	T	rs112333700
11:117071762:C:T	-0.314655	359983	11	117071762	C	T	rs1784041
11:117071970:T:C	2.32027	359983	11	117071970	T	C	rs494356
11:117072074:C:T	0.522917	359983	11	117072074	C	T	rs117279127
11:117072525:C:T	1.13857	359983	11	117072525	C	T	rs488962
11:117072963:T:C	1.08897	359983	11	117072963	T	C	rs634960
11:117072970:G:A	-1.47767	359983	11	117072970	G	A	rs74967901
11:117074109:G:A	4.98124	359983	11	117074109	G	A	rs12970
11:117074229:T:C	-2.22539	359983	11	117074229	T	C	rs641620
11:117074299:T:C	4.51894	359983	11	117074299	T	C	rs2269397
11:117075566:C:T	-1.08441	359983	11	117075566	C	T	rs508487
11:117076336:T:C	-1.49302	359983	11	117076336	T	C	rs78301905
11:117076708:T:C	1.15301	359983	11	117076708	T	C	rs35186251
11:117076741:G:A	-1.45377	359983	11	117076741	G	A	rs201598301
11:117077034:A:G	1.03512	359983	11	117077034	A	G	rs28590104
11:117080379:T:A	-1.88834	359983	11	117080379	T	A	rs659955
11:117080640:C:G	4.81106	359983	11	117080640	C	G	rs11216315
11:117081500:A:C	-2.00163	359983	11	117081500	A	C	rs11216316
11:117081709:A:G	0.130929	359983	11	117081709	A	G	rs1263499
11:117081763:C:G	1.14479	359983	11	117081763	C	G	rs171052
11:117081974:A:G	1.07432	359983	11	117081974	A	G	rs236910
11:117082109:G:A	5.13808	359983	11	117082109	G	A	rs12417682
11:117082691:G:T	0.737138	359983	11	117082691	G	T	rs61906485
11:117082865:C:A	0.660971	359983	11	117082865	C	A	rs61906486
11:117082966:G:A	3.52886	359983	11	117082966	G	A	rs76169968
11:117083004:T:G	-0.859042	359983	11	117083004	T	G	rs67201490
11:117083373:T:C	2.0877	359983	11	117083373	T	C	rs111765459
11:117083831:A:T	0.704134	359983	11	117083831	A	T	rs76830818
11:117083948:A:G	-1.51036	359983	11	117083948	A	G	rs79997323
11:117084040:G:A	-0.85546	359983	11	117084040	G	A	rs4938357
11:117084070:T:C	-1.48678	359983	11	117084070	T	C	rs76553074
11:117084091:C:T	2.19502	359983	11	117084091	C	T	rs4938358
11:117084396:C:T	5.08152	359983	11	117084396	C	T	rs12418705
11:117084410:G:A	-1.40194	359983	11	117084410	G	A	rs79278568
11:117084537:G:A	2.2378	359983	11	117084537	G	A	rs12418744
11:117085121:T:C	-0.818103	359983	11	117085121	T	C	rs36055668
11:117085210:A:C	4.74474	359983	11	117085210	A	C	rs77683187
11:117085261:C:T	0.957406	359983	11	117085261	C	T	rs76604009
11:117085270:A:C	-2.27271	359983	11	117085270	A	C	rs236911
11:117085305:G:A	-0.858781	359983	11	117085305	G	A	rs56081989
11:117085874:G:C	3.41206	359983	11	117085874	G	C	rs150758276
11:117086058:C:T	2.05744	359983	11	117086058	C	T	rs28704046
11:117086431:T:A	-0.791998	359983	11	117086431	T	A	rs236913
11:117086551:A:G	-1.35347	359983	11	117086551	A	G	rs493173
11:117087118:G:C	-0.811689	359983	11	117087118	G	C	rs56061158
11:117087792:A:C	2.0346	359983	11	117087792	A	C	rs2238006
11:117088082:C:T	4.90299	359983	11	117088082	C	T	rs2238005
11:117088362:A:G	2.04144	359983	11	117088362	A	G	rs2239012
11:117088821:C:T	0.60841	359983	11	117088821	C	T	rs61906487
11:117088994:A:G	2.03587	359983	11	117088994	A	G	rs2239011
11:117089006:G:C	2.03587	359983	11	117089006	G	C	rs2239010
11:117089505:T:C	0.60654	359983	11	117089505	T	C	rs61906488
11:117089628:G:A	-2.58975	359983	11	117089628	G	A	rs236916
11:117089722:G:C	4.88838	359983	11	117089722	G	C	rs2239009
11:117090225:A:T	1.85362	359983	11	117090225	A	T	rs45577233
11:117090545:T:C	2.03894	359983	11	117090545	T	C	rs3882895
11:117091153:C:G	0.581975	359983	11	117091153	C	G	rs61906489
11:117091227:G:A	2.06716	359983	11	117091227	G	A	rs3882897
11:117091609:G:C	-1.97607	359983	11	117091609	G	C	rs236918
11:117091821:G:A	-0.823379	359983	11	117091821	G	A	rs7941150
11:117092051:C:T	4.90155	359983	11	117092051	C	T	rs78628783
11:117092122:G:A	-1.28422	359983	11	117092122	G	A	rs45446695
11:117092394:A:T	4.89974	359983	11	117092394	A	T	rs80351364
11:117092808:C:G	-1.47968	359983	11	117092808	C	G	rs79697731
11:117092886:C:T	4.82068	359983	11	117092886	C	T	rs6589606
11:117093486:C:T	2.03879	359983	11	117093486	C	T	rs4936368
11:117093560:A:G	2.03382	359983	11	117093560	A	G	rs4938359
11:117093717:T:C	-0.293745	359983	11	117093717	T	C	rs73008592
11:117093764:A:C	1.98966	359983	11	117093764	A	C	rs3830008
11:117094413:T:C	0.168733	359983	11	117094413	T	C	rs11216321
11:117094491:C:T	0.332211	359983	11	117094491	C	T	rs11216322
11:117094591:A:G	4.57529	359983	11	117094591	A	G	rs17120523
11:117095283:C:T	-0.511165	359983	11	117095283	C	T	rs59781045
11:117096652:G:A	2.16492	359983	11	117096652	G	A	rs2277287
11:117097009:A:G	2.11158	359983	11	117097009	A	G	rs7939747
11:117097222:T:G	1.60195	359983	11	117097222	T	G	rs7926958
11:117097952:C:T	-0.634094	359983	11	117097952	C	T	rs2306473
11:117098436:C:T	2.15613	359983	11	117098436	C	T	rs4938360
11:117099025:A:G	-1.66263	359983	11	117099025	A	G	rs2306474
11:117099353:G:A	-0.571306	359983	11	117099353	G	A	rs56141924
11:117099537:T:C	-0.575194	359983	11	117099537	T	C	rs111809212
11:117099941:G:C	-0.516634	359983	11	117099941	G	C	rs4938361
11:117100029:G:A	-0.590409	359983	11	117100029	G	A	rs4938362
11:117101120:T:C	-0.925876	359983	11	117101120	T	C	rs36066272
11:117101311:C:T	-1.92857	359983	11	117101311	C	T	rs74988348
11:117101445:A:T	3.13314	359983	11	117101445	A	T	rs57157718
11:117101574:C:A	-1.69001	359983	11	117101574	C	A	rs522645
11:117101877:C:G	-0.711453	359983	11	117101877	C	G	rs12793361
11:117102200:G:A	0.438352	359983	11	117102200	G	A	rs61906491
11:117102307:A:G	0.761852	359983	11	117102307	A	G	rs2509209
11:117102648:T:C	0.864913	359983	11	117102648	T	C	rs2252145
11:117102706:C:G	2.9495	359983	11	117102706	C	G	rs2277286
11:117104148:A:G	1.18712	359983	11	117104148	A	G	rs582179
11:117104492:T:G	0.339186	359983	11	117104492	T	G	rs3758980
11:117104536:C:A	0.8271	359983	11	117104536	C	A	rs536141
11:117104900:G:A	0.0695248	359983	11	117104900	G	A	rs117547981
11:117105572:T:G	0.577922	359983	11	117105572	T	G	rs572063
11:117105726:A:G	0.462016	359983	11	117105726	A	G	rs7125990
11:117106069:C:T	-0.93229	359983	11	117106069	C	T	rs185433085
11:117106073:C:T	0.24167	359983	11	117106073	C	T	rs4938364
11:117106116:G:A	1.03246	359983	11	117106116	G	A	rs3016581
11:117106280:A:T	0.597579	359983	11	117106280	A	T	rs3016582
11:117106282:C:T	0.597625	359983	11	117106282	C	T	rs2929176
11:117106458:T:C	-0.901445	359983	11	117106458	T	C	rs146786560
11:117107520:C:G	-0.922823	359983	11	117107520	C	G	rs74808315
11:117107775:A:G	0.647831	359983	11	117107775	A	G	rs535602
11:117107978:G:A	0.536544	359983	11	117107978	G	A	rs61906492
11:117108318:T:A	0.641081	359983	11	117108318	T	A	rs664011
11:117108877:C:T	0.540747	359983	11	117108877	C	T	rs61906493
11:117109155:A:G	-0.936157	359983	11	117109155	A	G	rs57471964
11:117109270:G:T	0.644243	359983	11	117109270	G	T	rs678837
11:117110264:G:A	0.541886	359983	11	117110264	G	A	rs61906494
11:117110417:T:C	0.100009	359983	11	117110417	T	C	rs73010409
11:117110740:C:T	1.28856	359983	11	117110740	C	T	rs650585
11:117111178:T:C	0.0855627	359983	11	117111178	T	C	rs140479252
11:117111214:G:A	1.11551	359983	11	117111214	G	A	rs525390
11:117111368:C:T	-0.12525	359983	11	117111368	C	T	rs187929675
11:117111913:C:A	0.439697	359983	11	117111913	C	A	rs12274203
11:117112138:A:C	0.0768102	359983	11	117112138	A	C	rs4938365
11:117112630:A:C	1.30482	359983	11	117112630	A	C	rs633892
11:117113335:A:G	0.034852	359983	11	117113335	A	G	rs61903660
11:117113422:A:G	0.0950471	359983	11	117113422	A	G	rs61903661
11:117113478:G:C	0.269143	359983	11	117113478	G	C	rs117639653
11:117113511:C:T	-0.209027	359983	11	117113511	C	T	rs117117915
11:117116312:C:T	0.182899	359983	11	117116312	C	T	rs111447379
11:117116450:A:G	0.720386	359983	11	117116450	A	G	rs12286525
11:117116781:G:A	0.666895	359983	11	117116781	G	A	rs588763
11:117117973:A:G	0.504222	359983	11	117117973	A	G	rs1892904
11:117118037:C:T	-1.25676	359983	11	117118037	C	T	rs186041214
11:117118038:T:G	0.792472	359983	11	117118038	T	G	rs488538
11:117118204:T:A	0.0361707	359983	11	117118204	T	A	rs642673
11:117118481:C:T	0.737474	359983	11	117118481	C	T	rs2925771
11:117118712:A:T	0.336565	359983	11	117118712	A	T	rs7928525
11:117119552:A:G	0.662651	359983	11	117119552	A	G	rs523366
11:117120027:T:G	1.14054	359983	11	117120027	T	G	rs605531
11:117120473:T:C	1.09684	359983	11	117120473	T	C	rs509565
11:117120998:T:G	0.282212	359983	11	117120998	T	G	rs1056136
11:117122252:C:G	0.30057	359983	11	117122252	C	G	rs11216334
11:117122831:C:G	-0.892892	359983	11	117122831	C	G	rs58111676
11:117123173:T:C	2.03248	359983	11	117123173	T	C	rs528508
11:117123218:C:G	0.173208	359983	11	117123218	C	G	rs77262524
11:117123297:C:G	0.135302	359983	11	117123297	C	G	rs497043
11:117123782:G:A	0.431322	359983	11	117123782	G	A	rs61903662
11:117123990:G:A	-1.1962	359983	11	117123990	G	A	rs149304774
11:117124050:G:A	1.47122	359983	11	117124050	G	A	rs73010424
11:117124696:G:A	1.14931	359983	11	117124696	G	A	rs610775
11:117125216:T:C	0.803102	359983	11	117125216	T	C	rs679022
11:117125769:A:G	1.38249	359983	11	117125769	A	G	rs117683585
11:117126493:G:A	2.02081	359983	11	117126493	G	A	rs112357006
11:117126710:A:G	0.623386	359983	11	117126710	A	G	rs512188
11:117127159:G:A	2.09779	359983	11	117127159	G	A	rs12575964
11:117127185:C:T	0.785294	359983	11	117127185	C	T	rs77987367
11:117127620:C:T	0.666036	359983	11	117127620	C	T	rs655023
11:117128271:A:G	0.795924	359983	11	117128271	A	G	rs667944
11:117128971:A:G	0.67120899999999994	359983	11	117128971	A	G	rs621858
11:117129083:C:T	0.411155	359983	11	117129083	C	T	rs77073823
11:117129108:A:G	1.12039	359983	11	117129108	A	G	rs10892088
11:117129232:A:G	-0.968549	359983	11	117129232	A	G	rs77096386
11:117129517:G:A	1.18281	359983	11	117129517	G	A	rs12146609
11:117129617:G:A	-0.800865	359983	11	117129617	G	A	rs550893
11:117129637:C:T	0.0299601	359983	11	117129637	C	T	rs1242598
11:117131286:G:A	1.13039	359983	11	117131286	G	A	rs9971587
11:117131664:C:T	0.659612	359983	11	117131664	C	T	rs11216337
11:117131719:A:G	0.670282	359983	11	117131719	A	G	rs11216338
11:117132315:T:G	0.188226	359983	11	117132315	T	G	rs73010439
11:117132808:A:G	0.654604	359983	11	117132808	A	G	rs529470
11:117132809:C:A	0.654604	359983	11	117132809	C	A	rs529471
11:117133078:C:T	0.042265	359983	11	117133078	C	T	rs676305
11:117133242:T:C	0.0439616	359983	11	117133242	T	C	rs61903663
11:117133378:G:A	0.432731	359983	11	117133378	G	A	rs12295268
11:117134094:C:T	0.427355	359983	11	117134094	C	T	rs11216341
11:117134761:G:A	0.66137	359983	11	117134761	G	A	rs540922
11:117134766:C:T	0.667621	359983	11	117134766	C	T	rs472785
11:117134898:T:G	0.654574	359983	11	117134898	T	G	rs541953
11:117134993:C:T	0.654562	359983	11	117134993	C	T	rs474723
11:117135014:G:A	-0.896185	359983	11	117135014	G	A	rs138877884
11:117135806:T:C	0.66279	359983	11	117135806	T	C	rs7111678
11:117136070:T:C	0.6844	359983	11	117136070	T	C	rs2509210
11:117136277:C:G	0.466368	359983	11	117136277	C	G	rs67145274
11:117136378:G:C	0.680658	359983	11	117136378	G	C	rs672177
11:117137255:G:T	0.678826	359983	11	117137255	G	T	rs507880
11:117137633:C:T	0.684763	359983	11	117137633	C	T	rs2509211
11:117137647:G:A	0.684693	359983	11	117137647	G	A	rs524085
11:117138291:G:T	0.684774	359983	11	117138291	G	T	rs477269
11:117138403:C:G	0.368539	359983	11	117138403	C	G	rs551826
11:117138836:T:A	0.69469	359983	11	117138836	T	A	rs619772
11:117139121:G:A	0.682803	359983	11	117139121	G	A	rs558590
11:117140148:G:A	0.459051	359983	11	117140148	G	A	rs12270661
11:117141469:T:C	-0.804198	359983	11	117141469	T	C	rs4936369
11:117142440:C:G	-0.833116	359983	11	117142440	C	G	rs77451506
11:117142625:C:G	1.12522	359983	11	117142625	C	G	rs141538185
11:117143185:G:C	0.700305	359983	11	117143185	G	C	rs536648
11:117143341:T:A	-1.34159	359983	11	117143341	T	A	rs670778
11:117143581:T:C	0.650014	359983	11	117143581	T	C	rs673738
11:117144074:G:A	-0.635947	359983	11	117144074	G	A	rs189966250
11:117144355:T:C	0.461028	359983	11	117144355	T	C	rs12286404
11:117144727:A:C	0.661584	359983	11	117144727	A	C	rs495438
11:117144816:A:C	0.100007	359983	11	117144816	A	C	rs668363
11:117145053:C:A	0.774732	359983	11	117145053	C	A	rs694574
11:117145355:G:T	-1.16642	359983	11	117145355	G	T	rs191541863
11:117145582:C:T	0.48269	359983	11	117145582	C	T	rs61903699
11:117145815:G:A	0.644037	359983	11	117145815	G	A	rs492151
11:117145918:T:A	0.648342	359983	11	117145918	T	A	rs644215
11:117145949:T:C	0.656	359983	11	117145949	T	C	rs493139
11:117147674:C:T	-0.678859	359983	11	117147674	C	T	rs138829478
11:117147987:G:A	0.653819	359983	11	117147987	G	A	rs7925044
11:117148606:T:A	-0.0966863	359983	11	117148606	T	A	rs113172713
11:117149405:A:G	0.383107	359983	11	117149405	A	G	rs12292027
11:117150210:G:A	0.0341838	359983	11	117150210	G	A	rs608840
11:117151378:C:G	0.0693036	359983	11	117151378	C	G	rs638270
11:117151412:G:A	-0.726297	359983	11	117151412	G	A	rs12282721
11:117152540:G:T	0.660628	359983	11	117152540	G	T	rs505045
11:117153060:A:G	0.562846	359983	11	117153060	A	G	rs78366899
11:117153420:T:C	0.316999	359983	11	117153420	T	C	rs2305821
11:117153815:C:T	-1.88821	359983	11	117153815	C	T	rs17584190
11:117154091:G:T	0.418898	359983	11	117154091	G	T	rs595297
11:117155696:G:T	0.370497	359983	11	117155696	G	T	rs45507395
11:117156552:T:C	0.60797	359983	11	117156552	T	C	rs7083
11:117157378:A:G	0.776056	359983	11	117157378	A	G	rs649555
11:117158168:A:T	0.285834	359983	11	117158168	A	T	rs45497100
11:117158858:A:G	0.458676	359983	11	117158858	A	G	rs1047857
11:117159878:A:T	0.0856272	359983	11	117159878	A	T	rs535860
11:117161006:C:G	0.885452	359983	11	117161006	C	G	rs17120560
11:117162272:G:A	0.269764	359983	11	117162272	G	A	rs11604395
11:117162284:G:A	0.123695	359983	11	117162284	G	A	rs45619137
11:117162762:T:C	0.429991	359983	11	117162762	T	C	rs28989504
11:117163765:C:A	0.0992536	359983	11	117163765	C	A	rs490460
11:117163824:C:G	0.5233	359983	11	117163824	C	G	rs638405
11:117164246:A:C	0.408218	359983	11	117164246	A	C	rs45506400
11:117165046:C:T	-0.917182	359983	11	117165046	C	T	rs150308863
11:117165397:C:T	-0.97074800000000006	359983	11	117165397	C	T	rs28989500
11:117167147:A:G	1.84913	359983	11	117167147	A	G	rs507805
11:117168340:A:C	-0.541386	359983	11	117168340	A	C	rs74369487
11:117168402:A:T	0.460404	359983	11	117168402	A	T	rs619360
11:117168564:A:G	0.225119	359983	11	117168564	A	G	rs550319
11:117169874:G:A	0.465572	359983	11	117169874	G	A	rs61903703
11:117170139:G:A	-0.414092	359983	11	117170139	G	A	rs73012495
11:117171337:T:C	-1.65022	359983	11	117171337	T	C	rs548381
11:117171475:C:G	1.24485	359983	11	117171475	C	G	rs76380380
11:117172820:T:C	-1.36231	359983	11	117172820	T	C	rs680210
11:117173019:C:A	-1.30606	359983	11	117173019	C	A	rs681120
11:117173468:G:A	0.38114	359983	11	117173468	G	A	rs486896
11:117173560:C:T	-1.25807	359983	11	117173560	C	T	rs476469
11:117174369:C:G	-0.734515	359983	11	117174369	C	G	rs28989481
11:117175158:C:G	0.323449	359983	11	117175158	C	G	rs609332
11:117175294:G:A	-1.26786	359983	11	117175294	G	A	rs75932613
11:117175658:G:A	-0.497625	359983	11	117175658	G	A	rs116987336
11:117175934:T:C	-0.861676	359983	11	117175934	T	C	rs522843
11:117176075:T:C	-1.03416	359983	11	117176075	T	C	rs142273276
11:117176579:G:A	0.379901	359983	11	117176579	G	A	rs187182376
11:117177372:T:C	-1.01343	359983	11	117177372	T	C	rs28989476
11:117177603:C:A	-1.35451	359983	11	117177603	C	A	rs687740
11:117177741:C:T	-1.37238	359983	11	117177741	C	T	rs574603
11:117177792:C:A	-1.39349	359983	11	117177792	C	A	rs79204640
11:117177800:C:T	-0.916458	359983	11	117177800	C	T	rs473210
11:117177920:T:C	-1.35578	359983	11	117177920	T	C	rs573442
11:117178225:A:G	0.394643	359983	11	117178225	A	G	rs558229
11:117179003:T:C	-1.20138	359983	11	117179003	T	C	rs551662
11:117179176:G:A	-0.912031	359983	11	117179176	G	A	rs528837
11:117179302:G:A	-0.852062	359983	11	117179302	G	A	rs663166
11:117179535:G:A	0.278584	359983	11	117179535	G	A	rs28989473
11:117179891:C:T	-1.82103	359983	11	117179891	C	T	rs676134
11:117180905:C:T	0.128682	359983	11	117180905	C	T	rs4245169
11:117180921:T:C	-1.55309	359983	11	117180921	T	C	rs583161
11:117181919:G:C	-1.56116	359983	11	117181919	G	C	rs497902
11:117181992:C:T	-0.847133	359983	11	117181992	C	T	rs656083
11:117182708:T:G	-0.684333	359983	11	117182708	T	G	rs525493
11:117183276:T:A	-1.29182	359983	11	117183276	T	A	rs190400086
11:117183277:C:T	-0.993478	359983	11	117183277	C	T	rs180740269
11:117183500:G:A	-1.45299	359983	11	117183500	G	A	rs76997684
11:117183650:C:T	-0.825108	359983	11	117183650	C	T	rs593245
11:117183914:T:C	-0.996741	359983	11	117183914	T	C	rs477036
11:117185078:C:T	-1.56153	359983	11	117185078	C	T	rs75659000
11:117185634:C:T	-1.14173	359983	11	117185634	C	T	rs2510446
11:117185892:G:T	-0.984019	359983	11	117185892	G	T	rs28917236
11:117186073:T:A	-0.996221	359983	11	117186073	T	A	rs2445939
11:117186506:G:A	-0.634179	359983	11	117186506	G	A	rs28917234
11:117186752:C:T	-1.47509	359983	11	117186752	C	T	rs143346476
11:117187551:G:C	1.14686	359983	11	117187551	G	C	rs11601511
11:117188120:C:T	-1.87408	359983	11	117188120	C	T	rs4938369
11:117189201:A:G	1.15567	359983	11	117189201	A	G	rs61903708
11:117189216:G:A	-1.03183	359983	11	117189216	G	A	rs3017608
11:117190901:C:T	-1.41086	359983	11	117190901	C	T	rs117469840
11:117191673:G:A	-1.51772	359983	11	117191673	G	A	rs147104624
11:117191734:C:T	0.0482575	359983	11	117191734	C	T	rs1784045
11:117192376:A:G	-0.535977	359983	11	117192376	A	G	rs516712
11:117192383:A:G	1.16621	359983	11	117192383	A	G	rs516742
11:117192528:A:G	1.19832	359983	11	117192528	A	G	rs56967930
11:117192701:A:C	1.2057	359983	11	117192701	A	C	rs55986402
11:117192783:A:G	1.18819	359983	11	117192783	A	G	rs60837248
11:117193203:C:T	-1.15452	359983	11	117193203	C	T	rs555075
11:117193254:A:G	-0.261192	359983	11	117193254	A	G	rs61903732
11:117193350:A:C	-0.167128	359983	11	117193350	A	C	rs4938370
11:117193369:G:T	-0.167663	359983	11	117193369	G	T	rs4936370
11:117193619:C:G	-0.586777	359983	11	117193619	C	G	rs548893
11:117193741:C:T	-0.172982	359983	11	117193741	C	T	rs4938371
11:117193800:A:G	0.931981	359983	11	117193800	A	G	rs143524683
11:117194059:G:A	-1.0275	359983	11	117194059	G	A	rs118086079
11:117194929:A:G	-1.15079	359983	11	117194929	A	G	rs554233
11:117195136:C:G	-0.651628	359983	11	117195136	C	G	rs556034
11:117195628:A:C	-0.794051	359983	11	117195628	A	C	rs560564
11:117196020:T:C	-1.73848	359983	11	117196020	T	C	rs474806
11:117196435:C:A	0.314339	359983	11	117196435	C	A	rs73014325
11:117196583:T:C	1.47677	359983	11	117196583	T	C	rs73014327
11:117196901:C:A	-1.17311	359983	11	117196901	C	A	rs2168673
11:117197018:C:T	-0.649478	359983	11	117197018	C	T	rs540273
11:117197621:C:G	-0.647237	359983	11	117197621	C	G	rs680908
11:117197875:A:G	-0.656412	359983	11	117197875	A	G	rs74761693
11:117198208:G:A	-1.07209	359983	11	117198208	G	A	rs111467573
11:117198638:T:C	-0.699473	359983	11	117198638	T	C	rs566155
11:117198789:A:T	-0.272131	359983	11	117198789	A	T	rs2508665
11:117199317:C:T	-1.02443	359983	11	117199317	C	T	rs77873962
11:117199742:T:G	-1.07473	359983	11	117199742	T	G	rs75235704
11:117199870:C:T	-0.819579	359983	11	117199870	C	T	rs509894
11:117200129:C:T	-1.77939	359983	11	117200129	C	T	rs75013797
11:117200638:T:A	-0.777433	359983	11	117200638	T	A	rs1261791
11:117200753:T:G	1.75123	359983	11	117200753	T	G	rs11216357
11:117200943:T:G	-2.31865	359983	11	117200943	T	G	rs1242695
11:117200974:C:T	-0.875929	359983	11	117200974	C	T	rs116006647
11:117201056:T:A	-1.00424	359983	11	117201056	T	A	rs61903734
11:117201097:G:T	-0.107156	359983	11	117201097	G	T	rs484553
11:117201165:T:G	-1.9338	359983	11	117201165	T	G	rs515756
11:117201404:A:G	0.317618	359983	11	117201404	A	G	rs73014332
11:117201682:T:C	-2.02827	359983	11	117201682	T	C	rs609272
11:117201749:C:G	-1.74564	359983	11	117201749	C	G	rs609663
11:117201997:C:T	-0.655771	359983	11	117201997	C	T	rs563838
11:117202437:G:A	-0.659691	359983	11	117202437	G	A	rs507133
11:117202782:C:T	-0.695679	359983	11	117202782	C	T	rs624555
11:117203633:A:G	-1.60508	359983	11	117203633	A	G	rs527347
11:117205766:T:C	-1.62048	359983	11	117205766	T	C	rs576190
11:117205844:G:T	-1.6202	359983	11	117205844	G	T	rs487298
11:117205861:C:T	-0.705489	359983	11	117205861	C	T	rs487261
11:117207122:G:C	-0.654449	359983	11	117207122	G	C	rs524914
11:117207626:T:C	-1.26658	359983	11	117207626	T	C	rs520315
11:117207628:C:G	-1.26683	359983	11	117207628	C	G	rs620848
11:117207665:G:T	2.29341	359983	11	117207665	G	T	rs7932967
11:117208270:G:A	-1.41782	359983	11	117208270	G	A	rs875209
11:117208747:T:C	-1.4218	359983	11	117208747	T	C	rs645305
11:117208949:C:T	-1.4207	359983	11	117208949	C	T	rs948181
11:117209268:C:T	-1.42163	359983	11	117209268	C	T	rs573801
11:117210707:G:A	-1.42932	359983	11	117210707	G	A	rs578781
11:117210901:T:C	-1.42863	359983	11	117210901	T	C	rs536021
11:117211240:G:T	-1.38201	359983	11	117211240	G	T	rs610749
11:117212337:G:T	-1.35865	359983	11	117212337	G	T	rs474891
11:117212640:T:C	-1.35868	359983	11	117212640	T	C	rs561473
11:117212892:C:T	-1.35557	359983	11	117212892	C	T	rs475385
11:117212908:A:G	-1.33467	359983	11	117212908	A	G	rs495473
11:117213160:G:A	-1.36664	359983	11	117213160	G	A	rs493516
11:117213189:G:A	1.29285	359983	11	117213189	G	A	rs11216360
11:117213847:A:G	-1.6981	359983	11	117213847	A	G	rs72645461
11:117213893:A:G	1.2667	359983	11	117213893	A	G	rs10892095
11:117214091:G:A	-1.34981	359983	11	117214091	G	A	rs573827
11:117214580:G:C	-2.28132	359983	11	117214580	G	C	rs2509212
11:117214617:T:C	-0.361325	359983	11	117214617	T	C	rs144750609
11:117215605:C:T	-0.620775	359983	11	117215605	C	T	rs476983
11:117216213:T:G	-1.5116	359983	11	117216213	T	G	rs580119
11:117216599:C:T	-1.4008100000000001	359983	11	117216599	C	T	rs652346
11:117216603:A:T	-1.40637	359983	11	117216603	A	T	rs494722
11:117217391:G:T	-0.477994	359983	11	117217391	G	T	rs1242696
11:117217533:C:G	-2.72064	359983	11	117217533	C	G	rs74853011
11:117218460:T:C	-1.35308	359983	11	117218460	T	C	rs1261744
11:117218762:G:A	-0.634312	359983	11	117218762	G	A	rs568787
11:117219305:G:C	-1.52808	359983	11	117219305	G	C	rs592828
11:117219770:G:A	-1.34972	359983	11	117219770	G	A	rs508871
11:117219961:A:G	-1.96167	359983	11	117219961	A	G	rs477858
11:117220324:C:T	-0.864497	359983	11	117220324	C	T	rs61903739
11:117221170:T:G	-2.52766	359983	11	117221170	T	G	rs563828
11:117221862:C:T	1.64186	359983	11	117221862	C	T	rs141368429
11:117222139:C:T	-1.3223800000000001	359983	11	117222139	C	T	rs688207
11:117222256:T:C	2.09887	359983	11	117222256	T	C	rs7926760
11:117222592:G:A	-1.38333	359983	11	117222592	G	A	rs490262
11:117222942:G:T	-1.3214	359983	11	117222942	G	T	rs514806
11:117224360:G:A	-1.33358	359983	11	117224360	G	A	rs657666
11:117224818:C:T	-1.33358	359983	11	117224818	C	T	rs553303
11:117224878:G:A	-1.33358	359983	11	117224878	G	A	rs655389
11:117224887:C:T	-1.33358	359983	11	117224887	C	T	rs553506
11:117224934:A:G	1.36689	359983	11	117224934	A	G	rs56264727
11:117225033:T:C	-1.9363	359983	11	117225033	T	C	rs499744
11:117225134:G:A	-1.28911	359983	11	117225134	G	A	rs654479
11:117225247:G:C	-0.86452	359983	11	117225247	G	C	rs117754274
11:117225441:G:T	-1.50775	359983	11	117225441	G	T	rs542176
11:117225455:T:A	-1.53054	359983	11	117225455	T	A	rs542869
11:117225467:T:A	-1.58544	359983	11	117225467	T	A	rs542900
11:117225982:C:T	-0.0825152	359983	11	117225982	C	T	rs74761525
11:117226616:T:C	-1.35285	359983	11	117226616	T	C	rs535366
11:117226773:C:A	-0.179261	359983	11	117226773	C	A	rs61903740
11:117226849:C:T	-1.34862	359983	11	117226849	C	T	rs537323
11:117226941:T:A	-0.175118	359983	11	117226941	T	A	rs61903741
11:117227519:T:C	0.904365	359983	11	117227519	T	C	rs564674
11:117227686:G:A	-1.27115	359983	11	117227686	G	A	rs528720
11:117227694:T:C	-1.31337	359983	11	117227694	T	C	rs595367
11:117228295:A:G	-1.35253	359983	11	117228295	A	G	rs534296
11:117228519:A:G	1.17971	359983	11	117228519	A	G	rs12221818
11:117228664:G:A	-1.35156	359983	11	117228664	G	A	rs558854
11:117228709:A:G	-1.35223	359983	11	117228709	A	G	rs486366
11:117228849:A:G	-0.708665	359983	11	117228849	A	G	rs17591711
11:117228892:G:A	0.678584	359983	11	117228892	G	A	rs560789
11:117229833:G:T	-1.7925	359983	11	117229833	G	T	rs79795409
11:117229891:C:T	-1.39268	359983	11	117229891	C	T	rs2508664
11:117229902:C:T	-1.35163	359983	11	117229902	C	T	rs2510450
11:117231057:T:A	-1.34022	359983	11	117231057	T	A	rs512730
11:117231611:G:T	-1.37946	359983	11	117231611	G	T	rs11216366
11:117232156:C:G	-1.33569	359983	11	117232156	C	G	rs12421205
11:117232233:G:A	-1.35448	359983	11	117232233	G	A	rs12421494
11:117232260:A:G	-1.39332	359983	11	117232260	A	G	rs12418678
11:117232391:A:G	-1.42222	359983	11	117232391	A	G	rs17500548
11:117232492:C:T	-1.35829	359983	11	117232492	C	T	rs2305825
11:117232954:A:G	-1.35791	359983	11	117232954	A	G	rs7934067
11:117233378:G:A	-1.46469	359983	11	117233378	G	A	rs139352710
11:117233427:C:T	-1.3661	359983	11	117233427	C	T	rs11828506
11:117235368:G:A	0.565276	359983	11	117235368	G	A	rs7945704
11:117235412:C:T	-1.34934	359983	11	117235412	C	T	rs7124084
11:117235647:C:T	-1.71286	359983	11	117235647	C	T	rs17120652
11:117235754:G:A	0.531709	359983	11	117235754	G	A	rs7946161
11:117236060:C:T	-1.39149	359983	11	117236060	C	T	rs10892097
11:117236319:G:T	-1.39311	359983	11	117236319	G	T	rs10790179
11:117237186:G:A	-0.257786	359983	11	117237186	G	A	rs7106772
11:117237207:C:G	1.24619	359983	11	117237207	C	G	rs11606575
11:117237487:A:G	-1.47492	359983	11	117237487	A	G	rs7109923
11:117238478:G:A	-1.91591	359983	11	117238478	G	A	rs56984853
11:117238491:C:T	-0.245279	359983	11	117238491	C	T	rs10892098
11:117238526:A:T	-0.862545	359983	11	117238526	A	T	rs61903743
11:117239173:A:C	-0.261312	359983	11	117239173	A	C	rs7115177
11:117239190:G:T	-0.252996	359983	11	117239190	G	T	rs7115526
11:117240002:C:T	-0.892612	359983	11	117240002	C	T	rs61903744
11:117240214:G:T	-0.894988	359983	11	117240214	G	T	rs61903745
11:117240357:G:A	-0.269415	359983	11	117240357	G	A	rs9651682
11:117241429:C:T	-0.18953	359983	11	117241429	C	T	rs12417440
11:117241760:T:A	1.12859	359983	11	117241760	T	A	rs2305826
11:117244255:C:A	2.91328	359983	11	117244255	C	A	rs12794050
11:117244291:C:T	-0.190424	359983	11	117244291	C	T	rs76344095
11:117244606:A:T	-0.271761	359983	11	117244606	A	T	rs7109766
11:117245133:C:T	-0.874272	359983	11	117245133	C	T	rs7110647
11:117245988:C:T	-0.243977	359983	11	117245988	C	T	rs79570587
11:117246150:T:C	-1.1502	359983	11	117246150	T	C	rs10790180
11:117246566:G:A	-0.580696	359983	11	117246566	G	A	rs112933729
11:117246876:T:C	2.64107	359983	11	117246876	T	C	rs2305827
11:117248268:G:A	-1.42638	359983	11	117248268	G	A	rs7952470
11:117248283:T:C	-1.07889	359983	11	117248283	T	C	rs117619191
11:117248832:G:A	2.73229	359983	11	117248832	G	A	rs11216370
11:117250419:T:G	-0.551712	359983	11	117250419	T	G	rs180865175
11:117250530:G:A	-0.419799	359983	11	117250530	G	A	rs74661474
11:117251143:A:G	2.00604	359983	11	117251143	A	G	rs2305828
11:117251521:G:C	0.838489	359983	11	117251521	G	C	rs2061293
11:117252135:G:A	-2.48975	359983	11	117252135	G	A	rs79879928
11:117252437:A:G	0.0602909	359983	11	117252437	A	G	rs117083334
11:117252489:T:C	0.858083	359983	11	117252489	T	C	rs897836
11:117253230:C:T	-0.260288	359983	11	117253230	C	T	rs78406883
11:117254122:G:A	2.46831	359983	11	117254122	G	A	rs12797557
11:117255283:C:T	-1.12972	359983	11	117255283	C	T	rs61903746
11:117255386:C:T	-0.398259	359983	11	117255386	C	T	rs480120
11:117255837:G:A	-2.52601	359983	11	117255837	G	A	rs117498846
11:117256384:C:G	2.69533	359983	11	117256384	C	G	rs560355
11:117256436:T:C	2.53615	359983	11	117256436	T	C	rs3781981
11:117257876:G:T	-1.76465	359983	11	117257876	G	T	rs2305829
11:117258198:T:C	2.32478	359983	11	117258198	T	C	rs501776
11:117258662:C:G	-0.621318	359983	11	117258662	C	G	rs574813
11:117258687:G:T	-0.621274	359983	11	117258687	G	T	rs574873
11:117259904:C:T	-0.192433	359983	11	117259904	C	T	rs117740883
11:117260075:A:G	2.26496	359983	11	117260075	A	G	rs552498
11:117260504:G:A	0.057126	359983	11	117260504	G	A	rs523159
11:117261488:C:G	-0.780656	359983	11	117261488	C	G	rs897837
11:117261853:C:T	-0.598889	359983	11	117261853	C	T	rs494553
11:117262598:C:T	0.456426	359983	11	117262598	C	T	rs542821
11:117262867:A:G	-1.8377	359983	11	117262867	A	G	rs112206105
11:117263103:T:C	0.434509	359983	11	117263103	T	C	rs478693
11:117263549:G:A	2.51036	359983	11	117263549	G	A	rs139019960
11:117263616:T:G	0.432334	359983	11	117263616	T	G	rs512520
11:117263874:C:T	0.801605	359983	11	117263874	C	T	rs117713193
11:117264256:G:A	-0.589491	359983	11	117264256	G	A	rs506366
11:117266094:G:A	2.87512	359983	11	117266094	G	A	rs11216375
11:117266312:C:G	2.55698	359983	11	117266312	C	G	rs2305830
11:117266466:T:C	-0.544319	359983	11	117266466	T	C	rs483837
11:117266648:G:C	2.26446	359983	11	117266648	G	C	rs484988
11:117266754:A:C	2.65196	359983	11	117266754	A	C	rs693147
11:117267884:A:G	3.32652	359983	11	117267884	A	G	rs573455
11:117268256:G:T	-0.578739	359983	11	117268256	G	T	rs569845
11:117268489:T:C	0.762536	359983	11	117268489	T	C	rs117361637
11:117268683:T:C	1.53435	359983	11	117268683	T	C	rs34114773
11:117269269:T:A	-0.615794	359983	11	117269269	T	A	rs539573
11:117269842:C:T	0.0401848	359983	11	117269842	C	T	rs140393706
11:117270818:A:C	2.32107	359983	11	117270818	A	C	rs1243337
11:117271499:C:T	0.759169	359983	11	117271499	C	T	rs7928581
11:117272939:G:T	0.0823382	359983	11	117272939	G	T	rs1270801
11:117273051:T:C	0.526005	359983	11	117273051	T	C	rs1243336
11:117273094:G:T	-0.578227	359983	11	117273094	G	T	rs568984
11:117275561:G:C	2.24955	359983	11	117275561	G	C	rs518368
11:117275815:G:A	-0.618167	359983	11	117275815	G	A	rs546617
11:117275887:G:C	0.0700778	359983	11	117275887	G	C	rs7123784
11:117276783:T:G	-0.619652	359983	11	117276783	T	G	rs485570
11:117279280:C:T	-1.41385	359983	11	117279280	C	T	rs141815093
11:117281264:G:A	-1.00617	359983	11	117281264	G	A	rs61903747
11:117281566:C:T	0.352828	359983	11	117281566	C	T	rs73016324
11:117282742:C:T	1.46865	359983	11	117282742	C	T	rs67023719
11:117282800:G:T	0.526057	359983	11	117282800	G	T	rs522885
11:117282979:C:G	0.318134	359983	11	117282979	C	G	rs521099
11:117283091:C:T	1.48349	359983	11	117283091	C	T	rs2279013
11:117283471:C:T	0.399691	359983	11	117283471	C	T	rs573965
11:117283626:A:G	0.35949	359983	11	117283626	A	G	rs572884
11:117283634:A:G	0.359835	359983	11	117283634	A	G	rs572862
11:117283676:T:C	2.71436	359983	11	117283676	T	C	rs8258
11:117283808:C:T	-1.86354	359983	11	117283808	C	T	rs9163
11:117283939:G:A	-0.403696	359983	11	117283939	G	A	rs11822288
11:117284577:T:C	0.37799	359983	11	117284577	T	C	rs2445936
11:117284770:T:C	0.370011	359983	11	117284770	T	C	rs540904
11:117285057:A:G	-1.89306	359983	11	117285057	A	G	rs10736488
11:117285145:A:G	-0.630236	359983	11	117285145	A	G	rs551805
11:117285497:T:C	0.0876048	359983	11	117285497	T	C	rs513327
11:117285549:A:G	0.0825099	359983	11	117285549	A	G	rs527056
11:117285619:G:A	0.0688961	359983	11	117285619	G	A	rs512356
11:117285684:A:C	0.0855272	359983	11	117285684	A	C	rs511549
11:117285699:T:C	0.395722	359983	11	117285699	T	C	rs11826012
11:117285738:G:A	0.0871047	359983	11	117285738	G	A	rs11823544
11:117285746:A:G	0.408162	359983	11	117285746	A	G	rs1789157
11:117285907:A:G	0.0819229	359983	11	117285907	A	G	rs524069
11:117286064:C:T	0.0750655	359983	11	117286064	C	T	rs522383
11:117286824:A:G	0.08227	359983	11	117286824	A	G	rs2124975
